{"r2": 0.5481921714060176, "mae": 34.22276389124046, "feature_importance": {"_type": "image-file", "sha256": "a5b63dd4bfa2fe884f79c3f90ae21407ace14c6b4153eb808ccaaa51adfc7663", "size": 37282, "path": "media/images/feature_importance_0_a5b63dd4bfa2fe884f79.png", "format": "png", "width": 1000, "height": 1000}, "_timestamp": 1725243219.1795468, "_runtime": 15.50827693939209, "_step": 0, "_wandb": {"runtime": 15}}