{"r2": 0.5519152667668663, "mae": 34.12760059704365, "feature_importance": {"_type": "image-file", "sha256": "c9e8d7abff81ee7cefc2c41ab5021fa69e1a77655e758c2eff1cfeebe6c57aa4", "size": 33431, "path": "media/images/feature_importance_0_c9e8d7abff81ee7cefc2.png", "format": "png", "width": 1000, "height": 1000}, "_timestamp": 1725243074.7885702, "_runtime": 15.394824266433716, "_step": 0, "_wandb": {"runtime": 14}}