{"r2": 0.5509075896072297, "mae": 34.2080683914496, "feature_importance": {"_type": "image-file", "sha256": "af548b2e75b7131f0e0dbea92380777787ba9a7108cd1e79b256baab6840e0ff", "size": 33435, "path": "media/images/feature_importance_0_af548b2e75b7131f0e0d.png", "format": "png", "width": 1000, "height": 1000}, "_timestamp": 1725243455.336076, "_runtime": 28.2712619304657, "_step": 0, "_wandb": {"runtime": 27}}